Domain Code,Domain,Area Code,Area,Element Code,Element,Item Code,Item,Year Code,Year,Unit,Value,Flag,Flag Description,Note
"MK","Macro Indicators","2","Afghanistan","6119","Value US$","22014","Gross Domestic Product per capita","2008","2008","","394.536514","Fc","Calculated data",""
"MK","Macro Indicators","2","Afghanistan","6119","Value US$","22014","Gross Domestic Product per capita","2013","2013","","681.033974","Fc","Calculated data",""
"MK","Macro Indicators","3","Albania","6119","Value US$","22014","Gross Domestic Product per capita","2008","2008","","4305.766969","Fc","Calculated data",""
"MK","Macro Indicators","3","Albania","6119","Value US$","22014","Gross Domestic Product per capita","2013","2013","","4376.970549","Fc","Calculated data",""
"MK","Macro Indicators","4","Algeria","6119","Value US$","22014","Gross Domestic Product per capita","2008","2008","","4905.254873","Fc","Calculated data",""
"MK","Macro Indicators","4","Algeria","6119","Value US$","22014","Gross Domestic Product per capita","2013","2013","","5471.866638","Fc","Calculated data",""
"MK","Macro Indicators","6","Andorra","6119","Value US$","22014","Gross Domestic Product per capita","2008","2008","","47787.429241","Fc","Calculated data",""
"MK","Macro Indicators","6","Andorra","6119","Value US$","22014","Gross Domestic Product per capita","2013","2013","","40621.91272","Fc","Calculated data",""
"MK","Macro Indicators","7","Angola","6119","Value US$","22014","Gross Domestic Product per capita","2008","2008","","4068.980942","Fc","Calculated data",""
"MK","Macro Indicators","7","Angola","6119","Value US$","22014","Gross Domestic Product per capita","2013","2013","","5258.408672","Fc","Calculated data",""
"MK","Macro Indicators","258","Anguilla","6119","Value US$","22014","Gross Domestic Product per capita","2008","2008","","26521.399451","Fc","Calculated data",""
"MK","Macro Indicators","258","Anguilla","6119","Value US$","22014","Gross Domestic Product per capita","2013","2013","","19721.079407","Fc","Calculated data",""
"MK","Macro Indicators","8","Antigua and Barbuda","6119","Value US$","22014","Gross Domestic Product per capita","2008","2008","","14703.316825","Fc","Calculated data",""
"MK","Macro Indicators","8","Antigua and Barbuda","6119","Value US$","22014","Gross Domestic Product per capita","2013","2013","","12224.864912","Fc","Calculated data",""
"MK","Macro Indicators","9","Argentina","6119","Value US$","22014","Gross Domestic Product per capita","2008","2008","","9054.550404","Fc","Calculated data",""
"MK","Macro Indicators","9","Argentina","6119","Value US$","22014","Gross Domestic Product per capita","2013","2013","","14417.421454","Fc","Calculated data",""
"MK","Macro Indicators","1","Armenia","6119","Value US$","22014","Gross Domestic Product per capita","2008","2008","","4276.383556","Fc","Calculated data",""
"MK","Macro Indicators","1","Armenia","6119","Value US$","22014","Gross Domestic Product per capita","2013","2013","","3843.590751","Fc","Calculated data",""
"MK","Macro Indicators","22","Aruba","6119","Value US$","22014","Gross Domestic Product per capita","2008","2008","","27086.039847","Fc","Calculated data",""
"MK","Macro Indicators","22","Aruba","6119","Value US$","22014","Gross Domestic Product per capita","2013","2013","","25018.308952","Fc","Calculated data",""
"MK","Macro Indicators","10","Australia","6119","Value US$","22014","Gross Domestic Product per capita","2008","2008","","49492.105903","Fc","Calculated data",""
"MK","Macro Indicators","10","Australia","6119","Value US$","22014","Gross Domestic Product per capita","2013","2013","","66301.306788","Fc","Calculated data",""
"MK","Macro Indicators","11","Austria","6119","Value US$","22014","Gross Domestic Product per capita","2008","2008","","51605.522878","Fc","Calculated data",""
"MK","Macro Indicators","11","Austria","6119","Value US$","22014","Gross Domestic Product per capita","2013","2013","","50137.519579","Fc","Calculated data",""
"MK","Macro Indicators","52","Azerbaijan","6119","Value US$","22014","Gross Domestic Product per capita","2008","2008","","5537.500371","Fc","Calculated data",""
"MK","Macro Indicators","52","Azerbaijan","6119","Value US$","22014","Gross Domestic Product per capita","2013","2013","","7901.783462","Fc","Calculated data",""
"MK","Macro Indicators","12","Bahamas","6119","Value US$","22014","Gross Domestic Product per capita","2008","2008","","30188.484857","Fc","Calculated data",""
"MK","Macro Indicators","12","Bahamas","6119","Value US$","22014","Gross Domestic Product per capita","2013","2013","","28303.467289","Fc","Calculated data",""
"MK","Macro Indicators","13","Bahrain","6119","Value US$","22014","Gross Domestic Product per capita","2008","2008","","23067.562428","Fc","Calculated data",""
"MK","Macro Indicators","13","Bahrain","6119","Value US$","22014","Gross Domestic Product per capita","2013","2013","","24737.1791","Fc","Calculated data",""
"MK","Macro Indicators","16","Bangladesh","6119","Value US$","22014","Gross Domestic Product per capita","2008","2008","","615.882791","Fc","Calculated data",""
"MK","Macro Indicators","16","Bangladesh","6119","Value US$","22014","Gross Domestic Product per capita","2013","2013","","974.193541","Fc","Calculated data",""
"MK","Macro Indicators","14","Barbados","6119","Value US$","22014","Gross Domestic Product per capita","2008","2008","","16737.764091","Fc","Calculated data",""
"MK","Macro Indicators","14","Barbados","6119","Value US$","22014","Gross Domestic Product per capita","2013","2013","","15755.427261","Fc","Calculated data",""
"MK","Macro Indicators","57","Belarus","6119","Value US$","22014","Gross Domestic Product per capita","2008","2008","","6622.73665","Fc","Calculated data",""
"MK","Macro Indicators","57","Belarus","6119","Value US$","22014","Gross Domestic Product per capita","2013","2013","","7967.962369","Fc","Calculated data",""
"MK","Macro Indicators","255","Belgium","6119","Value US$","22014","Gross Domestic Product per capita","2008","2008","","48115.496008","Fc","Calculated data",""
"MK","Macro Indicators","255","Belgium","6119","Value US$","22014","Gross Domestic Product per capita","2013","2013","","46713.462219","Fc","Calculated data",""
"MK","Macro Indicators","23","Belize","6119","Value US$","22014","Gross Domestic Product per capita","2008","2008","","4470.220306","Fc","Calculated data",""
"MK","Macro Indicators","23","Belize","6119","Value US$","22014","Gross Domestic Product per capita","2013","2013","","4688.538879","Fc","Calculated data",""
"MK","Macro Indicators","53","Benin","6119","Value US$","22014","Gross Domestic Product per capita","2008","2008","","820.159648","Fc","Calculated data",""
"MK","Macro Indicators","53","Benin","6119","Value US$","22014","Gross Domestic Product per capita","2013","2013","","910.669201","Fc","Calculated data",""
"MK","Macro Indicators","17","Bermuda","6119","Value US$","22014","Gross Domestic Product per capita","2008","2008","","95608.355899","Fc","Calculated data",""
"MK","Macro Indicators","17","Bermuda","6119","Value US$","22014","Gross Domestic Product per capita","2013","2013","","90329.786048","Fc","Calculated data",""
"MK","Macro Indicators","18","Bhutan","6119","Value US$","22014","Gross Domestic Product per capita","2008","2008","","1795.191619","Fc","Calculated data",""
"MK","Macro Indicators","18","Bhutan","6119","Value US$","22014","Gross Domestic Product per capita","2013","2013","","2350.879846","Fc","Calculated data",""
"MK","Macro Indicators","19","Bolivia (Plurinational State of)","6119","Value US$","22014","Gross Domestic Product per capita","2008","2008","","1736.93348","Fc","Calculated data",""
"MK","Macro Indicators","19","Bolivia (Plurinational State of)","6119","Value US$","22014","Gross Domestic Product per capita","2013","2013","","2947.938522","Fc","Calculated data",""
"MK","Macro Indicators","80","Bosnia and Herzegovina","6119","Value US$","22014","Gross Domestic Product per capita","2008","2008","","5078.330935","Fc","Calculated data",""
"MK","Macro Indicators","80","Bosnia and Herzegovina","6119","Value US$","22014","Gross Domestic Product per capita","2013","2013","","5042.748881","Fc","Calculated data",""
"MK","Macro Indicators","20","Botswana","6119","Value US$","22014","Gross Domestic Product per capita","2008","2008","","5623.415263","Fc","Calculated data",""
"MK","Macro Indicators","20","Botswana","6119","Value US$","22014","Gross Domestic Product per capita","2013","2013","","7001.027578","Fc","Calculated data",""
"MK","Macro Indicators","21","Brazil","6119","Value US$","22014","Gross Domestic Product per capita","2008","2008","","8787.770363","Fc","Calculated data",""
"MK","Macro Indicators","21","Brazil","6119","Value US$","22014","Gross Domestic Product per capita","2013","2013","","12216.965936","Fc","Calculated data",""
"MK","Macro Indicators","239","British Virgin Islands","6119","Value US$","22014","Gross Domestic Product per capita","2008","2008","","37970.454148","Fc","Calculated data",""
"MK","Macro Indicators","239","British Virgin Islands","6119","Value US$","22014","Gross Domestic Product per capita","2013","2013","","30885.187225","Fc","Calculated data",""
"MK","Macro Indicators","26","Brunei Darussalam","6119","Value US$","22014","Gross Domestic Product per capita","2008","2008","","42053.046766","Fc","Calculated data",""
"MK","Macro Indicators","26","Brunei Darussalam","6119","Value US$","22014","Gross Domestic Product per capita","2013","2013","","44598.075686","Fc","Calculated data",""
"MK","Macro Indicators","27","Bulgaria","6119","Value US$","22014","Gross Domestic Product per capita","2008","2008","","7245.024147","Fc","Calculated data",""
"MK","Macro Indicators","27","Bulgaria","6119","Value US$","22014","Gross Domestic Product per capita","2013","2013","","7673.951742","Fc","Calculated data",""
"MK","Macro Indicators","233","Burkina Faso","6119","Value US$","22014","Gross Domestic Product per capita","2008","2008","","569.761512","Fc","Calculated data",""
"MK","Macro Indicators","233","Burkina Faso","6119","Value US$","22014","Gross Domestic Product per capita","2013","2013","","699.781484","Fc","Calculated data",""
"MK","Macro Indicators","29","Burundi","6119","Value US$","22014","Gross Domestic Product per capita","2008","2008","","196.271905","Fc","Calculated data",""
"MK","Macro Indicators","29","Burundi","6119","Value US$","22014","Gross Domestic Product per capita","2013","2013","","255.372686","Fc","Calculated data",""
"MK","Macro Indicators","35","Cabo Verde","6119","Value US$","22014","Gross Domestic Product per capita","2008","2008","","3638.894251","Fc","Calculated data",""
"MK","Macro Indicators","35","Cabo Verde","6119","Value US$","22014","Gross Domestic Product per capita","2013","2013","","3558.7979","Fc","Calculated data",""
"MK","Macro Indicators","115","Cambodia","6119","Value US$","22014","Gross Domestic Product per capita","2008","2008","","745.788053","Fc","Calculated data",""
"MK","Macro Indicators","115","Cambodia","6119","Value US$","22014","Gross Domestic Product per capita","2013","2013","","1028.41917","Fc","Calculated data",""
"MK","Macro Indicators","32","Cameroon","6119","Value US$","22014","Gross Domestic Product per capita","2008","2008","","1396.825126","Fc","Calculated data",""
"MK","Macro Indicators","32","Cameroon","6119","Value US$","22014","Gross Domestic Product per capita","2013","2013","","1493.746454","Fc","Calculated data",""
"MK","Macro Indicators","33","Canada","6119","Value US$","22014","Gross Domestic Product per capita","2008","2008","","46373.120717","Fc","Calculated data",""
"MK","Macro Indicators","33","Canada","6119","Value US$","22014","Gross Domestic Product per capita","2013","2013","","52264.959967","Fc","Calculated data",""
"MK","Macro Indicators","36","Cayman Islands","6119","Value US$","22014","Gross Domestic Product per capita","2008","2008","","67031.320343","Fc","Calculated data",""
"MK","Macro Indicators","36","Cayman Islands","6119","Value US$","22014","Gross Domestic Product per capita","2013","2013","","59592.603515","Fc","Calculated data",""
"MK","Macro Indicators","37","Central African Republic","6119","Value US$","22014","Gross Domestic Product per capita","2008","2008","","467.887984","Fc","Calculated data",""
"MK","Macro Indicators","37","Central African Republic","6119","Value US$","22014","Gross Domestic Product per capita","2013","2013","","347.913167","Fc","Calculated data",""
"MK","Macro Indicators","39","Chad","6119","Value US$","22014","Gross Domestic Product per capita","2008","2008","","931.510817","Fc","Calculated data",""
"MK","Macro Indicators","39","Chad","6119","Value US$","22014","Gross Domestic Product per capita","2013","2013","","1051.306964","Fc","Calculated data",""
"MK","Macro Indicators","40","Chile","6119","Value US$","22014","Gross Domestic Product per capita","2008","2008","","10781.365339","Fc","Calculated data",""
"MK","Macro Indicators","40","Chile","6119","Value US$","22014","Gross Domestic Product per capita","2013","2013","","15941.397939","Fc","Calculated data",""
"MK","Macro Indicators","96","China, Hong Kong SAR","6119","Value US$","22014","Gross Domestic Product per capita","2008","2008","","31594.889712","Fc","Calculated data",""
"MK","Macro Indicators","96","China, Hong Kong SAR","6119","Value US$","22014","Gross Domestic Product per capita","2013","2013","","38566.712121","Fc","Calculated data",""
"MK","Macro Indicators","128","China, Macao SAR","6119","Value US$","22014","Gross Domestic Product per capita","2008","2008","","40667.833949","Fc","Calculated data",""
"MK","Macro Indicators","128","China, Macao SAR","6119","Value US$","22014","Gross Domestic Product per capita","2013","2013","","89525.34488","Fc","Calculated data",""
"MK","Macro Indicators","41","China, mainland","6119","Value US$","22014","Gross Domestic Product per capita","2008","2008","","3424.749435","Fc","Calculated data",""
"MK","Macro Indicators","41","China, mainland","6119","Value US$","22014","Gross Domestic Product per capita","2013","2013","","6967.799286","Fc","Calculated data",""
"MK","Macro Indicators","44","Colombia","6119","Value US$","22014","Gross Domestic Product per capita","2008","2008","","5433.720425","Fc","Calculated data",""
"MK","Macro Indicators","44","Colombia","6119","Value US$","22014","Gross Domestic Product per capita","2013","2013","","8030.585914","Fc","Calculated data",""
"MK","Macro Indicators","45","Comoros","6119","Value US$","22014","Gross Domestic Product per capita","2008","2008","","1630.707227","Fc","Calculated data",""
"MK","Macro Indicators","45","Comoros","6119","Value US$","22014","Gross Domestic Product per capita","2013","2013","","1699.126967","Fc","Calculated data",""
"MK","Macro Indicators","46","Congo","6119","Value US$","22014","Gross Domestic Product per capita","2008","2008","","2472.660921","Fc","Calculated data",""
"MK","Macro Indicators","46","Congo","6119","Value US$","22014","Gross Domestic Product per capita","2013","2013","","2951.053853","Fc","Calculated data",""
"MK","Macro Indicators","47","Cook Islands","6119","Value US$","22014","Gross Domestic Product per capita","2008","2008","","12150.653277","Fc","Calculated data",""
"MK","Macro Indicators","47","Cook Islands","6119","Value US$","22014","Gross Domestic Product per capita","2013","2013","","16971.901278","Fc","Calculated data",""
"MK","Macro Indicators","48","Costa Rica","6119","Value US$","22014","Gross Domestic Product per capita","2008","2008","","6911.135976","Fc","Calculated data",""
"MK","Macro Indicators","48","Costa Rica","6119","Value US$","22014","Gross Domestic Product per capita","2013","2013","","10569.665626","Fc","Calculated data",""
"MK","Macro Indicators","107","Côte d'Ivoire","6119","Value US$","22014","Gross Domestic Product per capita","2008","2008","","1242.431167","Fc","Calculated data",""
"MK","Macro Indicators","107","Côte d'Ivoire","6119","Value US$","22014","Gross Domestic Product per capita","2013","2013","","1423.602446","Fc","Calculated data",""
"MK","Macro Indicators","98","Croatia","6119","Value US$","22014","Gross Domestic Product per capita","2008","2008","","16186.900752","Fc","Calculated data",""
"MK","Macro Indicators","98","Croatia","6119","Value US$","22014","Gross Domestic Product per capita","2013","2013","","13578.48546","Fc","Calculated data",""
"MK","Macro Indicators","49","Cuba","6119","Value US$","22014","Gross Domestic Product per capita","2008","2008","","5376.447622","Fc","Calculated data",""
"MK","Macro Indicators","49","Cuba","6119","Value US$","22014","Gross Domestic Product per capita","2013","2013","","6760.15344","Fc","Calculated data",""
"MK","Macro Indicators","279","Curaçao","6119","Value US$","22014","Gross Domestic Product per capita","2008","2008","","20278.223354","Fc","Calculated data",""
"MK","Macro Indicators","279","Curaçao","6119","Value US$","22014","Gross Domestic Product per capita","2013","2013","","20320.966998","Fc","Calculated data",""
"MK","Macro Indicators","50","Cyprus","6119","Value US$","22014","Gross Domestic Product per capita","2008","2008","","35392.015884","Fc","Calculated data",""
"MK","Macro Indicators","50","Cyprus","6119","Value US$","22014","Gross Domestic Product per capita","2013","2013","","27944.122813","Fc","Calculated data",""
"MK","Macro Indicators","167","Czechia","6119","Value US$","22014","Gross Domestic Product per capita","2008","2008","","22564.267088","Fc","Calculated data",""
"MK","Macro Indicators","167","Czechia","6119","Value US$","22014","Gross Domestic Product per capita","2013","2013","","19765.238618","Fc","Calculated data",""
"MK","Macro Indicators","116","Democratic People's Republic of Korea","6119","Value US$","22014","Gross Domestic Product per capita","2008","2008","","550.773968","Fc","Calculated data",""
"MK","Macro Indicators","116","Democratic People's Republic of Korea","6119","Value US$","22014","Gross Domestic Product per capita","2013","2013","","666.272365","Fc","Calculated data",""
"MK","Macro Indicators","250","Democratic Republic of the Congo","6119","Value US$","22014","Gross Domestic Product per capita","2008","2008","","327.768582","Fc","Calculated data",""
"MK","Macro Indicators","250","Democratic Republic of the Congo","6119","Value US$","22014","Gross Domestic Product per capita","2013","2013","","458.125692","Fc","Calculated data",""
"MK","Macro Indicators","54","Denmark","6119","Value US$","22014","Gross Domestic Product per capita","2008","2008","","64272.843742","Fc","Calculated data",""
"MK","Macro Indicators","54","Denmark","6119","Value US$","22014","Gross Domestic Product per capita","2013","2013","","60942.805627","Fc","Calculated data",""
"MK","Macro Indicators","72","Djibouti","6119","Value US$","22014","Gross Domestic Product per capita","2008","2008","","1186.248563","Fc","Calculated data",""
"MK","Macro Indicators","72","Djibouti","6119","Value US$","22014","Gross Domestic Product per capita","2013","2013","","1553.159843","Fc","Calculated data",""
"MK","Macro Indicators","55","Dominica","6119","Value US$","22014","Gross Domestic Product per capita","2008","2008","","6599.537884","Fc","Calculated data",""
"MK","Macro Indicators","55","Dominica","6119","Value US$","22014","Gross Domestic Product per capita","2013","2013","","6933.415429","Fc","Calculated data",""
"MK","Macro Indicators","56","Dominican Republic","6119","Value US$","22014","Gross Domestic Product per capita","2008","2008","","4945.54343","Fc","Calculated data",""
"MK","Macro Indicators","56","Dominican Republic","6119","Value US$","22014","Gross Domestic Product per capita","2013","2013","","6027.049213","Fc","Calculated data",""
"MK","Macro Indicators","58","Ecuador","6119","Value US$","22014","Gross Domestic Product per capita","2008","2008","","4274.952065","Fc","Calculated data",""
"MK","Macro Indicators","58","Ecuador","6119","Value US$","22014","Gross Domestic Product per capita","2013","2013","","6074.090829","Fc","Calculated data",""
"MK","Macro Indicators","59","Egypt","6119","Value US$","22014","Gross Domestic Product per capita","2008","2008","","2036.270435","Fc","Calculated data",""
"MK","Macro Indicators","59","Egypt","6119","Value US$","22014","Gross Domestic Product per capita","2013","2013","","2988.251729","Fc","Calculated data",""
"MK","Macro Indicators","60","El Salvador","6119","Value US$","22014","Gross Domestic Product per capita","2008","2008","","3507.347772","Fc","Calculated data",""
"MK","Macro Indicators","60","El Salvador","6119","Value US$","22014","Gross Domestic Product per capita","2013","2013","","3895.664061","Fc","Calculated data",""
"MK","Macro Indicators","61","Equatorial Guinea","6119","Value US$","22014","Gross Domestic Product per capita","2008","2008","","22742.383847","Fc","Calculated data",""
"MK","Macro Indicators","61","Equatorial Guinea","6119","Value US$","22014","Gross Domestic Product per capita","2013","2013","","20246.991548","Fc","Calculated data",""
"MK","Macro Indicators","178","Eritrea","6119","Value US$","22014","Gross Domestic Product per capita","2008","2008","","326.082564","Fc","Calculated data",""
"MK","Macro Indicators","178","Eritrea","6119","Value US$","22014","Gross Domestic Product per capita","2013","2013","","753.03542","Fc","Calculated data",""
"MK","Macro Indicators","63","Estonia","6119","Value US$","22014","Gross Domestic Product per capita","2008","2008","","18038.0108","Fc","Calculated data",""
"MK","Macro Indicators","63","Estonia","6119","Value US$","22014","Gross Domestic Product per capita","2013","2013","","19020.841095","Fc","Calculated data",""
"MK","Macro Indicators","238","Ethiopia","6119","Value US$","22014","Gross Domestic Product per capita","2008","2008","","307.851644","Fc","Calculated data",""
"MK","Macro Indicators","238","Ethiopia","6119","Value US$","22014","Gross Domestic Product per capita","2013","2013","","490.495538","Fc","Calculated data",""
"MK","Macro Indicators","66","Fiji","6119","Value US$","22014","Gross Domestic Product per capita","2008","2008","","4177.38078","Fc","Calculated data",""
"MK","Macro Indicators","66","Fiji","6119","Value US$","22014","Gross Domestic Product per capita","2013","2013","","4763.100059","Fc","Calculated data",""
"MK","Macro Indicators","67","Finland","6119","Value US$","22014","Gross Domestic Product per capita","2008","2008","","53338.013351","Fc","Calculated data",""
"MK","Macro Indicators","67","Finland","6119","Value US$","22014","Gross Domestic Product per capita","2013","2013","","49659.588178","Fc","Calculated data",""
"MK","Macro Indicators","68","France","6119","Value US$","22014","Gross Domestic Product per capita","2008","2008","","45390.707645","Fc","Calculated data",""
"MK","Macro Indicators","68","France","6119","Value US$","22014","Gross Domestic Product per capita","2013","2013","","42493.606628","Fc","Calculated data",""
"MK","Macro Indicators","70","French Polynesia","6119","Value US$","22014","Gross Domestic Product per capita","2008","2008","","27008.12535","Fc","Calculated data",""
"MK","Macro Indicators","70","French Polynesia","6119","Value US$","22014","Gross Domestic Product per capita","2013","2013","","22045.687291","Fc","Calculated data",""
"MK","Macro Indicators","74","Gabon","6119","Value US$","22014","Gross Domestic Product per capita","2008","2008","","10094.028459","Fc","Calculated data",""
"MK","Macro Indicators","74","Gabon","6119","Value US$","22014","Gross Domestic Product per capita","2013","2013","","9369.521711","Fc","Calculated data",""
"MK","Macro Indicators","75","Gambia","6119","Value US$","22014","Gross Domestic Product per capita","2008","2008","","607.948356","Fc","Calculated data",""
"MK","Macro Indicators","75","Gambia","6119","Value US$","22014","Gross Domestic Product per capita","2013","2013","","486.086492","Fc","Calculated data",""
"MK","Macro Indicators","73","Georgia","6119","Value US$","22014","Gross Domestic Product per capita","2008","2008","","2947.841659","Fc","Calculated data",""
"MK","Macro Indicators","73","Georgia","6119","Value US$","22014","Gross Domestic Product per capita","2013","2013","","3989.345341","Fc","Calculated data",""
"MK","Macro Indicators","79","Germany","6119","Value US$","22014","Gross Domestic Product per capita","2008","2008","","46252.446027","Fc","Calculated data",""
"MK","Macro Indicators","79","Germany","6119","Value US$","22014","Gross Domestic Product per capita","2013","2013","","46176.177749","Fc","Calculated data",""
"MK","Macro Indicators","81","Ghana","6119","Value US$","22014","Gross Domestic Product per capita","2008","2008","","1224.449861","Fc","Calculated data",""
"MK","Macro Indicators","81","Ghana","6119","Value US$","22014","Gross Domestic Product per capita","2013","2013","","1814.538726","Fc","Calculated data",""
"MK","Macro Indicators","84","Greece","6119","Value US$","22014","Gross Domestic Product per capita","2008","2008","","31040.708446","Fc","Calculated data",""
"MK","Macro Indicators","84","Greece","6119","Value US$","22014","Gross Domestic Product per capita","2013","2013","","21186.790509","Fc","Calculated data",""
"MK","Macro Indicators","85","Greenland","6119","Value US$","22014","Gross Domestic Product per capita","2008","2008","","40652.508626","Fc","Calculated data",""
"MK","Macro Indicators","85","Greenland","6119","Value US$","22014","Gross Domestic Product per capita","2013","2013","","44020.834809","Fc","Calculated data",""
"MK","Macro Indicators","86","Grenada","6119","Value US$","22014","Gross Domestic Product per capita","2008","2008","","7947.443258","Fc","Calculated data",""
"MK","Macro Indicators","86","Grenada","6119","Value US$","22014","Gross Domestic Product per capita","2013","2013","","7955.606892","Fc","Calculated data",""
"MK","Macro Indicators","89","Guatemala","6119","Value US$","22014","Gross Domestic Product per capita","2008","2008","","2794.178721","Fc","Calculated data",""
"MK","Macro Indicators","89","Guatemala","6119","Value US$","22014","Gross Domestic Product per capita","2013","2013","","3452.82893","Fc","Calculated data",""
"MK","Macro Indicators","90","Guinea","6119","Value US$","22014","Gross Domestic Product per capita","2008","2008","","674.618157","Fc","Calculated data",""
"MK","Macro Indicators","90","Guinea","6119","Value US$","22014","Gross Domestic Product per capita","2013","2013","","726.094078","Fc","Calculated data",""
"MK","Macro Indicators","175","Guinea-Bissau","6119","Value US$","22014","Gross Domestic Product per capita","2008","2008","","583.894477","Fc","Calculated data",""
"MK","Macro Indicators","175","Guinea-Bissau","6119","Value US$","22014","Gross Domestic Product per capita","2013","2013","","621.940437","Fc","Calculated data",""
"MK","Macro Indicators","91","Guyana","6119","Value US$","22014","Gross Domestic Product per capita","2008","2008","","2576.12669","Fc","Calculated data",""
"MK","Macro Indicators","91","Guyana","6119","Value US$","22014","Gross Domestic Product per capita","2013","2013","","3944.178028","Fc","Calculated data",""
"MK","Macro Indicators","93","Haiti","6119","Value US$","22014","Gross Domestic Product per capita","2008","2008","","660.246073","Fc","Calculated data",""
"MK","Macro Indicators","93","Haiti","6119","Value US$","22014","Gross Domestic Product per capita","2013","2013","","803.973991","Fc","Calculated data",""
"MK","Macro Indicators","95","Honduras","6119","Value US$","22014","Gross Domestic Product per capita","2008","2008","","1763.283967","Fc","Calculated data",""
"MK","Macro Indicators","95","Honduras","6119","Value US$","22014","Gross Domestic Product per capita","2013","2013","","2136.773905","Fc","Calculated data",""
"MK","Macro Indicators","97","Hungary","6119","Value US$","22014","Gross Domestic Product per capita","2008","2008","","15813.753775","Fc","Calculated data",""
"MK","Macro Indicators","97","Hungary","6119","Value US$","22014","Gross Domestic Product per capita","2013","2013","","13739.063946","Fc","Calculated data",""
"MK","Macro Indicators","99","Iceland","6119","Value US$","22014","Gross Domestic Product per capita","2008","2008","","56800.625893","Fc","Calculated data",""
"MK","Macro Indicators","99","Iceland","6119","Value US$","22014","Gross Domestic Product per capita","2013","2013","","47544.160857","Fc","Calculated data",""
"MK","Macro Indicators","100","India","6119","Value US$","22014","Gross Domestic Product per capita","2008","2008","","1048.161005","Fc","Calculated data",""
"MK","Macro Indicators","100","India","6119","Value US$","22014","Gross Domestic Product per capita","2013","2013","","1499.382472","Fc","Calculated data",""
"MK","Macro Indicators","101","Indonesia","6119","Value US$","22014","Gross Domestic Product per capita","2008","2008","","2300.370674","Fc","Calculated data",""
"MK","Macro Indicators","101","Indonesia","6119","Value US$","22014","Gross Domestic Product per capita","2013","2013","","3620.663981","Fc","Calculated data",""
"MK","Macro Indicators","102","Iran (Islamic Republic of)","6119","Value US$","22014","Gross Domestic Product per capita","2008","2008","","5660.417452","Fc","Calculated data",""
"MK","Macro Indicators","102","Iran (Islamic Republic of)","6119","Value US$","22014","Gross Domestic Product per capita","2013","2013","","6966.659601","Fc","Calculated data",""
"MK","Macro Indicators","103","Iraq","6119","Value US$","22014","Gross Domestic Product per capita","2008","2008","","3532.979235","Fc","Calculated data",""
"MK","Macro Indicators","103","Iraq","6119","Value US$","22014","Gross Domestic Product per capita","2013","2013","","6112.878866","Fc","Calculated data",""
"MK","Macro Indicators","104","Ireland","6119","Value US$","22014","Gross Domestic Product per capita","2008","2008","","61259.550941","Fc","Calculated data",""
"MK","Macro Indicators","104","Ireland","6119","Value US$","22014","Gross Domestic Product per capita","2013","2013","","51130.077752","Fc","Calculated data",""
"MK","Macro Indicators","105","Israel","6119","Value US$","22014","Gross Domestic Product per capita","2008","2008","","30410.997674","Fc","Calculated data",""
"MK","Macro Indicators","105","Israel","6119","Value US$","22014","Gross Domestic Product per capita","2013","2013","","37397.81074","Fc","Calculated data",""
"MK","Macro Indicators","106","Italy","6119","Value US$","22014","Gross Domestic Product per capita","2008","2008","","40180.200706","Fc","Calculated data",""
"MK","Macro Indicators","106","Italy","6119","Value US$","22014","Gross Domestic Product per capita","2013","2013","","35705.759697","Fc","Calculated data",""
"MK","Macro Indicators","109","Jamaica","6119","Value US$","22014","Gross Domestic Product per capita","2008","2008","","4913.550236","Fc","Calculated data",""
"MK","Macro Indicators","109","Jamaica","6119","Value US$","22014","Gross Domestic Product per capita","2013","2013","","5005.595035","Fc","Calculated data",""
"MK","Macro Indicators","110","Japan","6119","Value US$","22014","Gross Domestic Product per capita","2008","2008","","39190.111634","Fc","Calculated data",""
"MK","Macro Indicators","110","Japan","6119","Value US$","22014","Gross Domestic Product per capita","2013","2013","","40180.809978","Fc","Calculated data",""
"MK","Macro Indicators","112","Jordan","6119","Value US$","22014","Gross Domestic Product per capita","2008","2008","","3385.742791","Fc","Calculated data",""
"MK","Macro Indicators","112","Jordan","6119","Value US$","22014","Gross Domestic Product per capita","2013","2013","","3992.867103","Fc","Calculated data",""
"MK","Macro Indicators","108","Kazakhstan","6119","Value US$","22014","Gross Domestic Product per capita","2008","2008","","8339.49002","Fc","Calculated data",""
"MK","Macro Indicators","108","Kazakhstan","6119","Value US$","22014","Gross Domestic Product per capita","2013","2013","","13752.023575","Fc","Calculated data",""
"MK","Macro Indicators","114","Kenya","6119","Value US$","22014","Gross Domestic Product per capita","2008","2008","","916.943325","Fc","Calculated data",""
"MK","Macro Indicators","114","Kenya","6119","Value US$","22014","Gross Domestic Product per capita","2013","2013","","1229.191812","Fc","Calculated data",""
"MK","Macro Indicators","83","Kiribati","6119","Value US$","22014","Gross Domestic Product per capita","2008","2008","","1413.328672","Fc","Calculated data",""
"MK","Macro Indicators","83","Kiribati","6119","Value US$","22014","Gross Domestic Product per capita","2013","2013","","1684.911769","Fc","Calculated data",""
"MK","Macro Indicators","275","Kosovo","6119","Value US$","22014","Gross Domestic Product per capita","2008","2008","","3251.286279","Fc","Calculated data",""
"MK","Macro Indicators","275","Kosovo","6119","Value US$","22014","Gross Domestic Product per capita","2013","2013","","4032.910247","Fc","Calculated data",""
"MK","Macro Indicators","118","Kuwait","6119","Value US$","22014","Gross Domestic Product per capita","2008","2008","","55566.134123","Fc","Calculated data",""
"MK","Macro Indicators","118","Kuwait","6119","Value US$","22014","Gross Domestic Product per capita","2013","2013","","48401.609794","Fc","Calculated data",""
"MK","Macro Indicators","113","Kyrgyzstan","6119","Value US$","22014","Gross Domestic Product per capita","2008","2008","","976.752526","Fc","Calculated data",""
"MK","Macro Indicators","113","Kyrgyzstan","6119","Value US$","22014","Gross Domestic Product per capita","2013","2013","","1290.514","Fc","Calculated data",""
"MK","Macro Indicators","120","Lao People's Democratic Republic","6119","Value US$","22014","Gross Domestic Product per capita","2008","2008","","947.056097","Fc","Calculated data",""
"MK","Macro Indicators","120","Lao People's Democratic Republic","6119","Value US$","22014","Gross Domestic Product per capita","2013","2013","","1838.80602","Fc","Calculated data",""
"MK","Macro Indicators","119","Latvia","6119","Value US$","22014","Gross Domestic Product per capita","2008","2008","","16388.517797","Fc","Calculated data",""
"MK","Macro Indicators","119","Latvia","6119","Value US$","22014","Gross Domestic Product per capita","2013","2013","","14852.354556","Fc","Calculated data",""
"MK","Macro Indicators","121","Lebanon","6119","Value US$","22014","Gross Domestic Product per capita","2008","2008","","7109.509821","Fc","Calculated data",""
"MK","Macro Indicators","121","Lebanon","6119","Value US$","22014","Gross Domestic Product per capita","2013","2013","","8721.248317","Fc","Calculated data",""
"MK","Macro Indicators","122","Lesotho","6119","Value US$","22014","Gross Domestic Product per capita","2008","2008","","934.418168","Fc","Calculated data",""
"MK","Macro Indicators","122","Lesotho","6119","Value US$","22014","Gross Domestic Product per capita","2013","2013","","1196.021459","Fc","Calculated data",""
"MK","Macro Indicators","123","Liberia","6119","Value US$","22014","Gross Domestic Product per capita","2008","2008","","300.573875","Fc","Calculated data",""
"MK","Macro Indicators","123","Liberia","6119","Value US$","22014","Gross Domestic Product per capita","2013","2013","","451.672553","Fc","Calculated data",""
"MK","Macro Indicators","124","Libya","6119","Value US$","22014","Gross Domestic Product per capita","2008","2008","","15748.444837","Fc","Calculated data",""
"MK","Macro Indicators","124","Libya","6119","Value US$","22014","Gross Domestic Product per capita","2013","2013","","10623.933204","Fc","Calculated data",""
"MK","Macro Indicators","125","Liechtenstein","6119","Value US$","22014","Gross Domestic Product per capita","2008","2008","","158130.244706","Fc","Calculated data",""
"MK","Macro Indicators","125","Liechtenstein","6119","Value US$","22014","Gross Domestic Product per capita","2013","2013","","173527.486268","Fc","Calculated data",""
"MK","Macro Indicators","126","Lithuania","6119","Value US$","22014","Gross Domestic Product per capita","2008","2008","","14899.297717","Fc","Calculated data",""
"MK","Macro Indicators","126","Lithuania","6119","Value US$","22014","Gross Domestic Product per capita","2013","2013","","15483.230059","Fc","Calculated data",""
"MK","Macro Indicators","256","Luxembourg","6119","Value US$","22014","Gross Domestic Product per capita","2008","2008","","115133.332815","Fc","Calculated data",""
"MK","Macro Indicators","256","Luxembourg","6119","Value US$","22014","Gross Domestic Product per capita","2013","2013","","113341.237463","Fc","Calculated data",""
"MK","Macro Indicators","129","Madagascar","6119","Value US$","22014","Gross Domestic Product per capita","2008","2008","","563.21733","Fc","Calculated data",""
"MK","Macro Indicators","129","Madagascar","6119","Value US$","22014","Gross Domestic Product per capita","2013","2013","","567.600449","Fc","Calculated data",""
"MK","Macro Indicators","130","Malawi","6119","Value US$","22014","Gross Domestic Product per capita","2008","2008","","372.848801","Fc","Calculated data",""
"MK","Macro Indicators","130","Malawi","6119","Value US$","22014","Gross Domestic Product per capita","2013","2013","","314.708244","Fc","Calculated data",""
"MK","Macro Indicators","131","Malaysia","6119","Value US$","22014","Gross Domestic Product per capita","2008","2008","","8513.555526","Fc","Calculated data",""
"MK","Macro Indicators","131","Malaysia","6119","Value US$","22014","Gross Domestic Product per capita","2013","2013","","10882.259575","Fc","Calculated data",""
"MK","Macro Indicators","132","Maldives","6119","Value US$","22014","Gross Domestic Product per capita","2008","2008","","6114.872167","Fc","Calculated data",""
"MK","Macro Indicators","132","Maldives","6119","Value US$","22014","Gross Domestic Product per capita","2013","2013","","7033.632215","Fc","Calculated data",""
"MK","Macro Indicators","133","Mali","6119","Value US$","22014","Gross Domestic Product per capita","2008","2008","","689.678491","Fc","Calculated data",""
"MK","Macro Indicators","133","Mali","6119","Value US$","22014","Gross Domestic Product per capita","2013","2013","","803.855017","Fc","Calculated data",""
"MK","Macro Indicators","134","Malta","6119","Value US$","22014","Gross Domestic Product per capita","2008","2008","","21783.237488","Fc","Calculated data",""
"MK","Macro Indicators","134","Malta","6119","Value US$","22014","Gross Domestic Product per capita","2013","2013","","23972.962882","Fc","Calculated data",""
"MK","Macro Indicators","127","Marshall Islands","6119","Value US$","22014","Gross Domestic Product per capita","2008","2008","","2928.130396","Fc","Calculated data",""
"MK","Macro Indicators","127","Marshall Islands","6119","Value US$","22014","Gross Domestic Product per capita","2013","2013","","3617.751501","Fc","Calculated data",""
"MK","Macro Indicators","136","Mauritania","6119","Value US$","22014","Gross Domestic Product per capita","2008","2008","","1182.978489","Fc","Calculated data",""
"MK","Macro Indicators","136","Mauritania","6119","Value US$","22014","Gross Domestic Product per capita","2013","2013","","1429.364884","Fc","Calculated data",""
"MK","Macro Indicators","137","Mauritius","6119","Value US$","22014","Gross Domestic Product per capita","2008","2008","","8061.335656","Fc","Calculated data",""
"MK","Macro Indicators","137","Mauritius","6119","Value US$","22014","Gross Domestic Product per capita","2013","2013","","9662.833893","Fc","Calculated data",""
"MK","Macro Indicators","138","Mexico","6119","Value US$","22014","Gross Domestic Product per capita","2008","2008","","9765.702404","Fc","Calculated data",""
"MK","Macro Indicators","138","Mexico","6119","Value US$","22014","Gross Domestic Product per capita","2013","2013","","10400.569944","Fc","Calculated data",""
"MK","Macro Indicators","145","Micronesia (Federated States of)","6119","Value US$","22014","Gross Domestic Product per capita","2008","2008","","2516.019009","Fc","Calculated data",""
"MK","Macro Indicators","145","Micronesia (Federated States of)","6119","Value US$","22014","Gross Domestic Product per capita","2013","2013","","3047.584695","Fc","Calculated data",""
"MK","Macro Indicators","140","Monaco","6119","Value US$","22014","Gross Domestic Product per capita","2008","2008","","180647.592957","Fc","Calculated data",""
"MK","Macro Indicators","140","Monaco","6119","Value US$","22014","Gross Domestic Product per capita","2013","2013","","172598.231395","Fc","Calculated data",""
"MK","Macro Indicators","141","Mongolia","6119","Value US$","22014","Gross Domestic Product per capita","2008","2008","","2480.887105","Fc","Calculated data",""
"MK","Macro Indicators","141","Mongolia","6119","Value US$","22014","Gross Domestic Product per capita","2013","2013","","4385.379363","Fc","Calculated data",""
"MK","Macro Indicators","273","Montenegro","6119","Value US$","22014","Gross Domestic Product per capita","2008","2008","","7317.782239","Fc","Calculated data",""
"MK","Macro Indicators","273","Montenegro","6119","Value US$","22014","Gross Domestic Product per capita","2013","2013","","7119.349102","Fc","Calculated data",""
"MK","Macro Indicators","142","Montserrat","6119","Value US$","22014","Gross Domestic Product per capita","2008","2008","","11695.94615","Fc","Calculated data",""
"MK","Macro Indicators","142","Montserrat","6119","Value US$","22014","Gross Domestic Product per capita","2013","2013","","11737.408284","Fc","Calculated data",""
"MK","Macro Indicators","143","Morocco","6119","Value US$","22014","Gross Domestic Product per capita","2008","2008","","2927.726807","Fc","Calculated data",""
"MK","Macro Indicators","143","Morocco","6119","Value US$","22014","Gross Domestic Product per capita","2013","2013","","3158.206345","Fc","Calculated data",""
"MK","Macro Indicators","144","Mozambique","6119","Value US$","22014","Gross Domestic Product per capita","2008","2008","","503.125407","Fc","Calculated data",""
"MK","Macro Indicators","144","Mozambique","6119","Value US$","22014","Gross Domestic Product per capita","2013","2013","","605.985885","Fc","Calculated data",""
"MK","Macro Indicators","28","Myanmar","6119","Value US$","22014","Gross Domestic Product per capita","2008","2008","","522.727845","Fc","Calculated data",""
"MK","Macro Indicators","28","Myanmar","6119","Value US$","22014","Gross Domestic Product per capita","2013","2013","","1207.807683","Fc","Calculated data",""
"MK","Macro Indicators","147","Namibia","6119","Value US$","22014","Gross Domestic Product per capita","2008","2008","","4029.053683","Fc","Calculated data",""
"MK","Macro Indicators","147","Namibia","6119","Value US$","22014","Gross Domestic Product per capita","2013","2013","","5490.066308","Fc","Calculated data",""
"MK","Macro Indicators","148","Nauru","6119","Value US$","22014","Gross Domestic Product per capita","2008","2008","","4176.716379","Fc","Calculated data",""
"MK","Macro Indicators","148","Nauru","6119","Value US$","22014","Gross Domestic Product per capita","2013","2013","","9406.70679","Fc","Calculated data",""
"MK","Macro Indicators","149","Nepal","6119","Value US$","22014","Gross Domestic Product per capita","2008","2008","","441.612153","Fc","Calculated data",""
"MK","Macro Indicators","149","Nepal","6119","Value US$","22014","Gross Domestic Product per capita","2013","2013","","651.313871","Fc","Calculated data",""
"MK","Macro Indicators","150","Netherlands","6119","Value US$","22014","Gross Domestic Product per capita","2008","2008","","56507.811208","Fc","Calculated data",""
"MK","Macro Indicators","150","Netherlands","6119","Value US$","22014","Gross Domestic Product per capita","2013","2013","","51466.478134","Fc","Calculated data",""
"MK","Macro Indicators","151","Netherlands Antilles (former)","6119","Value US$","22014","Gross Domestic Product per capita","2008","2008","","21422.271672","Fc","Calculated data",""
"MK","Macro Indicators","153","New Caledonia","6119","Value US$","22014","Gross Domestic Product per capita","2008","2008","","37045.086727","Fc","Calculated data",""
"MK","Macro Indicators","153","New Caledonia","6119","Value US$","22014","Gross Domestic Product per capita","2013","2013","","38344.045038","Fc","Calculated data",""
"MK","Macro Indicators","156","New Zealand","6119","Value US$","22014","Gross Domestic Product per capita","2008","2008","","31151.880904","Fc","Calculated data",""
"MK","Macro Indicators","156","New Zealand","6119","Value US$","22014","Gross Domestic Product per capita","2013","2013","","42232.040825","Fc","Calculated data",""
"MK","Macro Indicators","157","Nicaragua","6119","Value US$","22014","Gross Domestic Product per capita","2008","2008","","1518.805668","Fc","Calculated data",""
"MK","Macro Indicators","157","Nicaragua","6119","Value US$","22014","Gross Domestic Product per capita","2013","2013","","1847.200726","Fc","Calculated data",""
"MK","Macro Indicators","158","Niger","6119","Value US$","22014","Gross Domestic Product per capita","2008","2008","","354.818488","Fc","Calculated data",""
"MK","Macro Indicators","158","Niger","6119","Value US$","22014","Gross Domestic Product per capita","2013","2013","","416.139942","Fc","Calculated data",""
"MK","Macro Indicators","159","Nigeria","6119","Value US$","22014","Gross Domestic Product per capita","2008","2008","","2225.382886","Fc","Calculated data",""
"MK","Macro Indicators","159","Nigeria","6119","Value US$","22014","Gross Domestic Product per capita","2013","2013","","2996.963827","Fc","Calculated data",""
"MK","Macro Indicators","162","Norway","6119","Value US$","22014","Gross Domestic Product per capita","2008","2008","","96942.943399","Fc","Calculated data",""
"MK","Macro Indicators","162","Norway","6119","Value US$","22014","Gross Domestic Product per capita","2013","2013","","103110.441896","Fc","Calculated data",""
"MK","Macro Indicators","299","Palestine","6119","Value US$","22014","Gross Domestic Product per capita","2008","2008","","1732.337221","Fc","Calculated data",""
"MK","Macro Indicators","299","Palestine","6119","Value US$","22014","Gross Domestic Product per capita","2013","2013","","2826.048941","Fc","Calculated data",""
"MK","Macro Indicators","221","Oman","6119","Value US$","22014","Gross Domestic Product per capita","2008","2008","","22075.079063","Fc","Calculated data",""
"MK","Macro Indicators","221","Oman","6119","Value US$","22014","Gross Domestic Product per capita","2013","2013","","21268.756403","Fc","Calculated data",""
"MK","Macro Indicators","165","Pakistan","6119","Value US$","22014","Gross Domestic Product per capita","2008","2008","","923.265861","Fc","Calculated data",""
"MK","Macro Indicators","165","Pakistan","6119","Value US$","22014","Gross Domestic Product per capita","2013","2013","","1212.181336","Fc","Calculated data",""
"MK","Macro Indicators","180","Palau","6119","Value US$","22014","Gross Domestic Product per capita","2008","2008","","9724.737987","Fc","Calculated data",""
"MK","Macro Indicators","180","Palau","6119","Value US$","22014","Gross Domestic Product per capita","2013","2013","","10899.235182","Fc","Calculated data",""
"MK","Macro Indicators","166","Panama","6119","Value US$","22014","Gross Domestic Product per capita","2008","2008","","6973.924393","Fc","Calculated data",""
"MK","Macro Indicators","166","Panama","6119","Value US$","22014","Gross Domestic Product per capita","2013","2013","","11685.979826","Fc","Calculated data",""
"MK","Macro Indicators","168","Papua New Guinea","6119","Value US$","22014","Gross Domestic Product per capita","2008","2008","","1701.571126","Fc","Calculated data",""
"MK","Macro Indicators","168","Papua New Guinea","6119","Value US$","22014","Gross Domestic Product per capita","2013","2013","","2784.783007","Fc","Calculated data",""
"MK","Macro Indicators","169","Paraguay","6119","Value US$","22014","Gross Domestic Product per capita","2008","2008","","3059.869346","Fc","Calculated data",""
"MK","Macro Indicators","169","Paraguay","6119","Value US$","22014","Gross Domestic Product per capita","2013","2013","","4479.905893","Fc","Calculated data",""
"MK","Macro Indicators","170","Peru","6119","Value US$","22014","Gross Domestic Product per capita","2008","2008","","4211.024853","Fc","Calculated data",""
"MK","Macro Indicators","170","Peru","6119","Value US$","22014","Gross Domestic Product per capita","2013","2013","","6583.118622","Fc","Calculated data",""
"MK","Macro Indicators","171","Philippines","6119","Value US$","22014","Gross Domestic Product per capita","2008","2008","","1919.466745","Fc","Calculated data",""
"MK","Macro Indicators","171","Philippines","6119","Value US$","22014","Gross Domestic Product per capita","2013","2013","","2760.290133","Fc","Calculated data",""
"MK","Macro Indicators","173","Poland","6119","Value US$","22014","Gross Domestic Product per capita","2008","2008","","13928.165972","Fc","Calculated data",""
"MK","Macro Indicators","173","Poland","6119","Value US$","22014","Gross Domestic Product per capita","2013","2013","","13684.131318","Fc","Calculated data",""
"MK","Macro Indicators","174","Portugal","6119","Value US$","22014","Gross Domestic Product per capita","2008","2008","","24597.715077","Fc","Calculated data",""
"MK","Macro Indicators","174","Portugal","6119","Value US$","22014","Gross Domestic Product per capita","2013","2013","","21474.211015","Fc","Calculated data",""
"MK","Macro Indicators","177","Puerto Rico","6119","Value US$","22014","Gross Domestic Product per capita","2008","2008","","25065.474807","Fc","Calculated data",""
"MK","Macro Indicators","177","Puerto Rico","6119","Value US$","22014","Gross Domestic Product per capita","2013","2013","","27773.839348","Fc","Calculated data",""
"MK","Macro Indicators","179","Qatar","6119","Value US$","22014","Gross Domestic Product per capita","2008","2008","","81975.845091","Fc","Calculated data",""
"MK","Macro Indicators","179","Qatar","6119","Value US$","22014","Gross Domestic Product per capita","2013","2013","","88304.879574","Fc","Calculated data",""
"MK","Macro Indicators","117","Republic of Korea","6119","Value US$","22014","Gross Domestic Product per capita","2008","2008","","20362.449232","Fc","Calculated data",""
"MK","Macro Indicators","117","Republic of Korea","6119","Value US$","22014","Gross Domestic Product per capita","2013","2013","","26024.012111","Fc","Calculated data",""
"MK","Macro Indicators","146","Republic of Moldova","6119","Value US$","22014","Gross Domestic Product per capita","2008","2008","","1472.666669","Fc","Calculated data",""
"MK","Macro Indicators","146","Republic of Moldova","6119","Value US$","22014","Gross Domestic Product per capita","2013","2013","","1961.072076","Fc","Calculated data",""
"MK","Macro Indicators","183","Romania","6119","Value US$","22014","Gross Domestic Product per capita","2008","2008","","9998.761764","Fc","Calculated data",""
"MK","Macro Indicators","183","Romania","6119","Value US$","22014","Gross Domestic Product per capita","2013","2013","","9544.854848","Fc","Calculated data",""
"MK","Macro Indicators","185","Russian Federation","6119","Value US$","22014","Gross Domestic Product per capita","2008","2008","","11607.569646","Fc","Calculated data",""
"MK","Macro Indicators","185","Russian Federation","6119","Value US$","22014","Gross Domestic Product per capita","2013","2013","","15533.899955","Fc","Calculated data",""
"MK","Macro Indicators","184","Rwanda","6119","Value US$","22014","Gross Domestic Product per capita","2008","2008","","500.668769","Fc","Calculated data",""
"MK","Macro Indicators","184","Rwanda","6119","Value US$","22014","Gross Domestic Product per capita","2013","2013","","688.876883","Fc","Calculated data",""
"MK","Macro Indicators","188","Saint Kitts and Nevis","6119","Value US$","22014","Gross Domestic Product per capita","2008","2008","","14685.44219","Fc","Calculated data",""
"MK","Macro Indicators","188","Saint Kitts and Nevis","6119","Value US$","22014","Gross Domestic Product per capita","2013","2013","","14823.748773","Fc","Calculated data",""
"MK","Macro Indicators","189","Saint Lucia","6119","Value US$","22014","Gross Domestic Product per capita","2008","2008","","6922.174509","Fc","Calculated data",""
"MK","Macro Indicators","189","Saint Lucia","6119","Value US$","22014","Gross Domestic Product per capita","2013","2013","","7603.788464","Fc","Calculated data",""
"MK","Macro Indicators","191","Saint Vincent and the Grenadines","6119","Value US$","22014","Gross Domestic Product per capita","2008","2008","","6370.17359","Fc","Calculated data",""
"MK","Macro Indicators","191","Saint Vincent and the Grenadines","6119","Value US$","22014","Gross Domestic Product per capita","2013","2013","","6597.213752","Fc","Calculated data",""
"MK","Macro Indicators","244","Samoa","6119","Value US$","22014","Gross Domestic Product per capita","2008","2008","","3578.882925","Fc","Calculated data",""
"MK","Macro Indicators","244","Samoa","6119","Value US$","22014","Gross Domestic Product per capita","2013","2013","","4217.831676","Fc","Calculated data",""
"MK","Macro Indicators","192","San Marino","6119","Value US$","22014","Gross Domestic Product per capita","2008","2008","","90666.635073","Fc","Calculated data",""
"MK","Macro Indicators","192","San Marino","6119","Value US$","22014","Gross Domestic Product per capita","2013","2013","","57735.033037","Fc","Calculated data",""
"MK","Macro Indicators","193","Sao Tome and Principe","6119","Value US$","22014","Gross Domestic Product per capita","2008","2008","","1126.462105","Fc","Calculated data",""
"MK","Macro Indicators","193","Sao Tome and Principe","6119","Value US$","22014","Gross Domestic Product per capita","2013","2013","","1619.532714","Fc","Calculated data",""
"MK","Macro Indicators","194","Saudi Arabia","6119","Value US$","22014","Gross Domestic Product per capita","2008","2008","","20037.829973","Fc","Calculated data",""
"MK","Macro Indicators","194","Saudi Arabia","6119","Value US$","22014","Gross Domestic Product per capita","2013","2013","","24934.386142","Fc","Calculated data",""
"MK","Macro Indicators","195","Senegal","6119","Value US$","22014","Gross Domestic Product per capita","2008","2008","","1096.88737","Fc","Calculated data",""
"MK","Macro Indicators","195","Senegal","6119","Value US$","22014","Gross Domestic Product per capita","2013","2013","","1051.427725","Fc","Calculated data",""
"MK","Macro Indicators","272","Serbia","6119","Value US$","22014","Gross Domestic Product per capita","2008","2008","","6701.768104","Fc","Calculated data",""
"MK","Macro Indicators","272","Serbia","6119","Value US$","22014","Gross Domestic Product per capita","2013","2013","","6351.678982","Fc","Calculated data",""
"MK","Macro Indicators","196","Seychelles","6119","Value US$","22014","Gross Domestic Product per capita","2008","2008","","10665.237915","Fc","Calculated data",""
"MK","Macro Indicators","196","Seychelles","6119","Value US$","22014","Gross Domestic Product per capita","2013","2013","","14316.710916","Fc","Calculated data",""
"MK","Macro Indicators","197","Sierra Leone","6119","Value US$","22014","Gross Domestic Product per capita","2008","2008","","406.375923","Fc","Calculated data",""
"MK","Macro Indicators","197","Sierra Leone","6119","Value US$","22014","Gross Domestic Product per capita","2013","2013","","710.810025","Fc","Calculated data",""
"MK","Macro Indicators","200","Singapore","6119","Value US$","22014","Gross Domestic Product per capita","2008","2008","","39626.23865","Fc","Calculated data",""
"MK","Macro Indicators","200","Singapore","6119","Value US$","22014","Gross Domestic Product per capita","2013","2013","","56429.745747","Fc","Calculated data",""
"MK","Macro Indicators","280","Sint Maarten (Dutch Part)","6119","Value US$","22014","Gross Domestic Product per capita","2008","2008","","26350.528648","Fc","Calculated data",""
"MK","Macro Indicators","280","Sint Maarten (Dutch Part)","6119","Value US$","22014","Gross Domestic Product per capita","2013","2013","","28072.106715","Fc","Calculated data",""
"MK","Macro Indicators","199","Slovakia","6119","Value US$","22014","Gross Domestic Product per capita","2008","2008","","17891.515706","Fc","Calculated data",""
"MK","Macro Indicators","199","Slovakia","6119","Value US$","22014","Gross Domestic Product per capita","2013","2013","","18152.256133","Fc","Calculated data",""
"MK","Macro Indicators","198","Slovenia","6119","Value US$","22014","Gross Domestic Product per capita","2008","2008","","27459.058963","Fc","Calculated data",""
"MK","Macro Indicators","198","Slovenia","6119","Value US$","22014","Gross Domestic Product per capita","2013","2013","","23288.231184","Fc","Calculated data",""
"MK","Macro Indicators","25","Solomon Islands","6119","Value US$","22014","Gross Domestic Product per capita","2008","2008","","1262.841482","Fc","Calculated data",""
"MK","Macro Indicators","25","Solomon Islands","6119","Value US$","22014","Gross Domestic Product per capita","2013","2013","","1875.738239","Fc","Calculated data",""
"MK","Macro Indicators","201","Somalia","6119","Value US$","22014","Gross Domestic Product per capita","2008","2008","","228.688948","Fc","Calculated data",""
"MK","Macro Indicators","201","Somalia","6119","Value US$","22014","Gross Domestic Product per capita","2013","2013","","106.512965","Fc","Calculated data",""
"MK","Macro Indicators","202","South Africa","6119","Value US$","22014","Gross Domestic Product per capita","2008","2008","","5688.492739","Fc","Calculated data",""
"MK","Macro Indicators","202","South Africa","6119","Value US$","22014","Gross Domestic Product per capita","2013","2013","","6818.736993","Fc","Calculated data",""
"MK","Macro Indicators","277","South Sudan","6119","Value US$","22014","Gross Domestic Product per capita","2008","2008","","1651.683075","Fc","Calculated data",""
"MK","Macro Indicators","277","South Sudan","6119","Value US$","22014","Gross Domestic Product per capita","2013","2013","","1201.327893","Fc","Calculated data",""
"MK","Macro Indicators","203","Spain","6119","Value US$","22014","Gross Domestic Product per capita","2008","2008","","35546.824712","Fc","Calculated data",""
"MK","Macro Indicators","203","Spain","6119","Value US$","22014","Gross Domestic Product per capita","2013","2013","","29163.288417","Fc","Calculated data",""
"MK","Macro Indicators","38","Sri Lanka","6119","Value US$","22014","Gross Domestic Product per capita","2008","2008","","2336.09259","Fc","Calculated data",""
"MK","Macro Indicators","38","Sri Lanka","6119","Value US$","22014","Gross Domestic Product per capita","2013","2013","","3620.448452","Fc","Calculated data",""
"MK","Macro Indicators","276","Sudan","6119","Value US$","22014","Gross Domestic Product per capita","2008","2008","","1476.617681","Fc","Calculated data",""
"MK","Macro Indicators","276","Sudan","6119","Value US$","22014","Gross Domestic Product per capita","2013","2013","","1734.377426","Fc","Calculated data",""
"MK","Macro Indicators","207","Suriname","6119","Value US$","22014","Gross Domestic Product per capita","2008","2008","","6858.202053","Fc","Calculated data",""
"MK","Macro Indicators","207","Suriname","6119","Value US$","22014","Gross Domestic Product per capita","2013","2013","","9484.379311","Fc","Calculated data",""
"MK","Macro Indicators","209","Eswatini","6119","Value US$","22014","Gross Domestic Product per capita","2008","2008","","2840.715087","Fc","Calculated data",""
"MK","Macro Indicators","209","Eswatini","6119","Value US$","22014","Gross Domestic Product per capita","2013","2013","","3590.262955","Fc","Calculated data",""
"MK","Macro Indicators","210","Sweden","6119","Value US$","22014","Gross Domestic Product per capita","2008","2008","","55642.723431","Fc","Calculated data",""
"MK","Macro Indicators","210","Sweden","6119","Value US$","22014","Gross Domestic Product per capita","2013","2013","","60190.029595","Fc","Calculated data",""
"MK","Macro Indicators","211","Switzerland","6119","Value US$","22014","Gross Domestic Product per capita","2008","2008","","72503.323646","Fc","Calculated data",""
"MK","Macro Indicators","211","Switzerland","6119","Value US$","22014","Gross Domestic Product per capita","2013","2013","","84659.015403","Fc","Calculated data",""
"MK","Macro Indicators","212","Syrian Arab Republic","6119","Value US$","22014","Gross Domestic Product per capita","2008","2008","","2585.818828","Fc","Calculated data",""
"MK","Macro Indicators","212","Syrian Arab Republic","6119","Value US$","22014","Gross Domestic Product per capita","2013","2013","","1598.586565","Fc","Calculated data",""
"MK","Macro Indicators","208","Tajikistan","6119","Value US$","22014","Gross Domestic Product per capita","2008","2008","","706.078452","Fc","Calculated data",""
"MK","Macro Indicators","208","Tajikistan","6119","Value US$","22014","Gross Domestic Product per capita","2013","2013","","1040.155801","Fc","Calculated data",""
"MK","Macro Indicators","216","Thailand","6119","Value US$","22014","Gross Domestic Product per capita","2008","2008","","4378.685968","Fc","Calculated data",""
"MK","Macro Indicators","216","Thailand","6119","Value US$","22014","Gross Domestic Product per capita","2013","2013","","6171.263886","Fc","Calculated data",""
"MK","Macro Indicators","154","North Macedonia","6119","Value US$","22014","Gross Domestic Product per capita","2008","2008","","4793.291838","Fc","Calculated data",""
"MK","Macro Indicators","154","North Macedonia","6119","Value US$","22014","Gross Domestic Product per capita","2013","2013","","5211.499148","Fc","Calculated data",""
"MK","Macro Indicators","176","Timor-Leste","6119","Value US$","22014","Gross Domestic Product per capita","2008","2008","","4166.863871","Fc","Calculated data",""
"MK","Macro Indicators","176","Timor-Leste","6119","Value US$","22014","Gross Domestic Product per capita","2013","2013","","4765.745372","Fc","Calculated data",""
"MK","Macro Indicators","217","Togo","6119","Value US$","22014","Gross Domestic Product per capita","2008","2008","","537.226201","Fc","Calculated data",""
"MK","Macro Indicators","217","Togo","6119","Value US$","22014","Gross Domestic Product per capita","2013","2013","","613.440163","Fc","Calculated data",""
"MK","Macro Indicators","219","Tonga","6119","Value US$","22014","Gross Domestic Product per capita","2008","2008","","3320.147527","Fc","Calculated data",""
"MK","Macro Indicators","219","Tonga","6119","Value US$","22014","Gross Domestic Product per capita","2013","2013","","4181.528091","Fc","Calculated data",""
"MK","Macro Indicators","220","Trinidad and Tobago","6119","Value US$","22014","Gross Domestic Product per capita","2008","2008","","21187.982096","Fc","Calculated data",""
"MK","Macro Indicators","220","Trinidad and Tobago","6119","Value US$","22014","Gross Domestic Product per capita","2013","2013","","19613.867976","Fc","Calculated data",""
"MK","Macro Indicators","222","Tunisia","6119","Value US$","22014","Gross Domestic Product per capita","2008","2008","","4309.947274","Fc","Calculated data",""
"MK","Macro Indicators","222","Tunisia","6119","Value US$","22014","Gross Domestic Product per capita","2013","2013","","4199.600307","Fc","Calculated data",""
"MK","Macro Indicators","223","Turkey","6119","Value US$","22014","Gross Domestic Product per capita","2008","2008","","10850.689454","Fc","Calculated data",""
"MK","Macro Indicators","223","Turkey","6119","Value US$","22014","Gross Domestic Product per capita","2013","2013","","12542.930758","Fc","Calculated data",""
"MK","Macro Indicators","213","Turkmenistan","6119","Value US$","22014","Gross Domestic Product per capita","2008","2008","","4382.00161","Fc","Calculated data",""
"MK","Macro Indicators","213","Turkmenistan","6119","Value US$","22014","Gross Domestic Product per capita","2013","2013","","7304.420525","Fc","Calculated data",""
"MK","Macro Indicators","224","Turks and Caicos Islands","6119","Value US$","22014","Gross Domestic Product per capita","2008","2008","","29262.359961","Fc","Calculated data",""
"MK","Macro Indicators","224","Turks and Caicos Islands","6119","Value US$","22014","Gross Domestic Product per capita","2013","2013","","22241.643863","Fc","Calculated data",""
"MK","Macro Indicators","227","Tuvalu","6119","Value US$","22014","Gross Domestic Product per capita","2008","2008","","2929.47488","Fc","Calculated data",""
"MK","Macro Indicators","227","Tuvalu","6119","Value US$","22014","Gross Domestic Product per capita","2013","2013","","3541.986647","Fc","Calculated data",""
"MK","Macro Indicators","226","Uganda","6119","Value US$","22014","Gross Domestic Product per capita","2008","2008","","574.632102","Fc","Calculated data",""
"MK","Macro Indicators","226","Uganda","6119","Value US$","22014","Gross Domestic Product per capita","2013","2013","","687.24185","Fc","Calculated data",""
"MK","Macro Indicators","230","Ukraine","6119","Value US$","22014","Gross Domestic Product per capita","2008","2008","","4072.849445","Fc","Calculated data",""
"MK","Macro Indicators","230","Ukraine","6119","Value US$","22014","Gross Domestic Product per capita","2013","2013","","4063.104441","Fc","Calculated data",""
"MK","Macro Indicators","225","United Arab Emirates","6119","Value US$","22014","Gross Domestic Product per capita","2008","2008","","46356.899208","Fc","Calculated data",""
"MK","Macro Indicators","225","United Arab Emirates","6119","Value US$","22014","Gross Domestic Product per capita","2013","2013","","43315.138419","Fc","Calculated data",""
"MK","Macro Indicators","229","United Kingdom","6119","Value US$","22014","Gross Domestic Product per capita","2008","2008","","46567.649168","Fc","Calculated data",""
"MK","Macro Indicators","229","United Kingdom","6119","Value US$","22014","Gross Domestic Product per capita","2013","2013","","42385.080963","Fc","Calculated data",""
"MK","Macro Indicators","215","United Republic of Tanzania","6119","Value US$","22014","Gross Domestic Product per capita","2008","2008","","649.404374","Fc","Calculated data",""
"MK","Macro Indicators","215","United Republic of Tanzania","6119","Value US$","22014","Gross Domestic Product per capita","2013","2013","","898.349499","Fc","Calculated data",""
"MK","Macro Indicators","231","United States of America","6119","Value US$","22014","Gross Domestic Product per capita","2008","2008","","48516.282705","Fc","Calculated data",""
"MK","Macro Indicators","231","United States of America","6119","Value US$","22014","Gross Domestic Product per capita","2013","2013","","52898.817379","Fc","Calculated data",""
"MK","Macro Indicators","234","Uruguay","6119","Value US$","22014","Gross Domestic Product per capita","2008","2008","","9062.306265","Fc","Calculated data",""
"MK","Macro Indicators","234","Uruguay","6119","Value US$","22014","Gross Domestic Product per capita","2013","2013","","16881.202977","Fc","Calculated data",""
"MK","Macro Indicators","235","Uzbekistan","6119","Value US$","22014","Gross Domestic Product per capita","2008","2008","","1069.916584","Fc","Calculated data",""
"MK","Macro Indicators","235","Uzbekistan","6119","Value US$","22014","Gross Domestic Product per capita","2013","2013","","1933.98262","Fc","Calculated data",""
"MK","Macro Indicators","155","Vanuatu","6119","Value US$","22014","Gross Domestic Product per capita","2008","2008","","2697.962262","Fc","Calculated data",""
"MK","Macro Indicators","155","Vanuatu","6119","Value US$","22014","Gross Domestic Product per capita","2013","2013","","3167.343056","Fc","Calculated data",""
"MK","Macro Indicators","236","Venezuela (Bolivarian Republic of)","6119","Value US$","22014","Gross Domestic Product per capita","2008","2008","","11214.687151","Fc","Calculated data",""
"MK","Macro Indicators","236","Venezuela (Bolivarian Republic of)","6119","Value US$","22014","Gross Domestic Product per capita","2013","2013","","12248.175454","Fc","Calculated data",""
"MK","Macro Indicators","237","Viet Nam","6119","Value US$","22014","Gross Domestic Product per capita","2008","2008","","1143.268575","Fc","Calculated data",""
"MK","Macro Indicators","237","Viet Nam","6119","Value US$","22014","Gross Domestic Product per capita","2013","2013","","1871.325494","Fc","Calculated data",""
"MK","Macro Indicators","249","Yemen","6119","Value US$","22014","Gross Domestic Product per capita","2008","2008","","1359.664949","Fc","Calculated data",""
"MK","Macro Indicators","249","Yemen","6119","Value US$","22014","Gross Domestic Product per capita","2013","2013","","1358.885271","Fc","Calculated data",""
"MK","Macro Indicators","251","Zambia","6119","Value US$","22014","Gross Domestic Product per capita","2008","2008","","1369.082551","Fc","Calculated data",""
"MK","Macro Indicators","251","Zambia","6119","Value US$","22014","Gross Domestic Product per capita","2013","2013","","1850.797795","Fc","Calculated data",""
"MK","Macro Indicators","181","Zimbabwe","6119","Value US$","22014","Gross Domestic Product per capita","2008","2008","","405.281747","Fc","Calculated data",""
"MK","Macro Indicators","181","Zimbabwe","6119","Value US$","22014","Gross Domestic Product per capita","2013","2013","","1011.227398","Fc","Calculated data",""
